Date,Adj Close
1/2/2007,5.36
1/3/2007,5.36
1/4/2007,5.36
1/5/2007,5.36
1/8/2007,5.36
1/9/2007,5.36
1/10/2007,5.36
1/11/2007,5.36
1/12/2007,5.36
1/15/2007,5.36025
1/16/2007,5.36
1/17/2007,5.36
1/18/2007,5.36
1/19/2007,5.36
1/22/2007,5.36
1/23/2007,5.36
1/24/2007,5.36
1/25/2007,5.36
1/26/2007,5.36
1/29/2007,5.36
1/30/2007,5.36
1/31/2007,5.36
2/1/2007,5.36
2/2/2007,5.36
2/5/2007,5.36
2/6/2007,5.36
2/7/2007,5.36
2/8/2007,5.36
2/9/2007,5.36
2/12/2007,5.36
2/13/2007,5.36
2/14/2007,5.36
2/15/2007,5.36
2/16/2007,5.36
2/19/2007,5.36
2/20/2007,5.36
2/21/2007,5.36
2/22/2007,5.36
2/23/2007,5.36
2/26/2007,5.36
2/27/2007,5.36
2/28/2007,5.34813
3/1/2007,5.3475
3/2/2007,5.34625
3/5/2007,5.33
3/6/2007,5.34
3/7/2007,5.34
3/8/2007,5.34
3/9/2007,5.34
3/12/2007,5.355
3/13/2007,5.35488
3/14/2007,5.35
3/15/2007,5.35
3/16/2007,5.35
3/19/2007,5.35
3/20/2007,5.35
3/21/2007,5.35
3/22/2007,5.34631
3/23/2007,5.34788
3/26/2007,5.35
3/27/2007,5.35
3/28/2007,5.35
3/29/2007,5.34938
3/30/2007,5.35
4/2/2007,5.35
4/3/2007,5.35
4/4/2007,5.35
4/5/2007,5.35
4/6/2007,.
4/9/2007,.
4/10/2007,5.355
4/11/2007,5.355
4/12/2007,5.35563
4/13/2007,5.35688
4/16/2007,5.35875
4/17/2007,5.35988
4/18/2007,5.35813
4/19/2007,5.355
4/20/2007,5.355
4/23/2007,5.355
4/24/2007,5.355
4/25/2007,5.355
4/26/2007,5.355
4/27/2007,5.35625
4/30/2007,5.355
5/1/2007,5.355
5/2/2007,5.355
5/3/2007,5.35563
5/4/2007,5.35656
5/7/2007,.
5/8/2007,5.35688
5/9/2007,5.35813
5/10/2007,5.36
5/11/2007,5.36
5/14/2007,5.36
5/15/2007,5.36
5/16/2007,5.36
5/17/2007,5.36
5/18/2007,5.36
5/21/2007,5.36
5/22/2007,5.36
5/23/2007,5.36
5/24/2007,5.36
5/25/2007,5.36
5/28/2007,.
5/29/2007,5.36
5/30/2007,5.36
5/31/2007,5.36
6/1/2007,5.36
6/4/2007,5.36
6/5/2007,5.36
6/6/2007,5.36
6/7/2007,5.36
6/8/2007,5.36
6/11/2007,5.36
6/12/2007,5.36
6/13/2007,5.36
6/14/2007,5.36
6/15/2007,5.36
6/18/2007,5.36
6/19/2007,5.36
6/20/2007,5.36
6/21/2007,5.36
6/22/2007,5.36
6/25/2007,5.36
6/26/2007,5.36
6/27/2007,5.36
6/28/2007,5.36
6/29/2007,5.36
7/2/2007,5.36
7/3/2007,5.36
7/4/2007,5.36
7/5/2007,5.36
7/6/2007,5.36
7/9/2007,5.36
7/10/2007,5.36
7/11/2007,5.36
7/12/2007,5.36
7/13/2007,5.36
7/16/2007,5.36
7/17/2007,5.36
7/18/2007,5.36
7/19/2007,5.36
7/20/2007,5.36
7/23/2007,5.36
7/24/2007,5.36
7/25/2007,5.36
7/26/2007,5.36
7/27/2007,5.3575
7/30/2007,5.35625
7/31/2007,5.35866
8/1/2007,5.35953
8/2/2007,5.36
8/3/2007,5.36
8/6/2007,5.35625
8/7/2007,5.36
8/8/2007,5.38
8/9/2007,5.5
8/10/2007,5.575
8/13/2007,5.5575
8/14/2007,5.53
8/15/2007,5.52
8/16/2007,5.51
8/17/2007,5.5
8/20/2007,5.495
8/21/2007,5.49438
8/22/2007,5.49875
8/23/2007,5.505
8/24/2007,5.50563
8/27/2007,.
8/28/2007,5.51
8/29/2007,5.54125
8/30/2007,5.58
8/31/2007,5.62125
9/3/2007,5.66875
9/4/2007,5.69813
9/5/2007,5.72
9/6/2007,5.72375
9/7/2007,5.725
9/10/2007,5.70375
9/11/2007,5.70313
9/12/2007,5.70313
9/13/2007,5.69438
9/14/2007,5.64625
9/17/2007,5.5975
9/18/2007,5.5875
9/19/2007,5.2375
9/20/2007,5.21
9/21/2007,5.2025
9/24/2007,5.2
9/25/2007,5.2
9/26/2007,5.19813
9/27/2007,5.23063
9/28/2007,5.22875
10/1/2007,5.23
10/2/2007,5.24
10/3/2007,5.24375
10/4/2007,5.24375
10/5/2007,5.24313
10/8/2007,5.25313
10/9/2007,5.24875
10/10/2007,5.2475
10/11/2007,5.2425
10/12/2007,5.22375
10/15/2007,5.21438
10/16/2007,5.20875
10/17/2007,5.19875
10/18/2007,5.18
10/19/2007,5.15125
10/22/2007,5.0925
10/23/2007,5.08375
10/24/2007,5.065
10/25/2007,5.01063
10/26/2007,4.98375
10/29/2007,4.96
10/30/2007,4.91125
10/31/2007,4.89375
11/1/2007,4.8775
11/2/2007,4.865
11/5/2007,4.875
11/6/2007,4.8975
11/7/2007,4.89625
11/8/2007,4.88688
11/9/2007,4.87938
11/12/2007,4.87
11/13/2007,4.86875
11/14/2007,4.8775
11/15/2007,4.905
11/16/2007,4.94875
11/19/2007,4.98188
11/20/2007,5
11/21/2007,5.015
11/22/2007,5.03
11/23/2007,5.04
11/26/2007,5.05313
11/27/2007,5.06188
11/28/2007,5.08125
11/29/2007,5.12375
11/30/2007,5.13125
12/3/2007,5.14063
12/4/2007,5.15
12/5/2007,5.15063
12/6/2007,5.14625
12/7/2007,5.14063
12/10/2007,5.1325
12/11/2007,5.11125
12/12/2007,5.0575
12/13/2007,4.99063
12/14/2007,4.96625
12/17/2007,4.94125
12/18/2007,4.92625
12/19/2007,4.91
12/20/2007,4.88375
12/21/2007,4.8575
12/24/2007,4.8425
12/25/2007,.
12/26/2007,.
12/27/2007,4.83
12/28/2007,4.72875
12/31/2007,4.7025
1/1/2008,.
1/2/2008,4.68063
1/3/2008,4.64625
1/4/2008,4.62
1/7/2008,4.54313
1/8/2008,4.505
1/9/2008,4.4425
1/10/2008,4.37688
1/11/2008,4.2575
1/14/2008,4.055
1/15/2008,3.9975
1/16/2008,3.95125
1/17/2008,3.92625
1/18/2008,3.89375
1/21/2008,3.8475
1/22/2008,3.7175
1/23/2008,3.33125
1/24/2008,3.24375
1/25/2008,3.30625
1/28/2008,3.25125
1/29/2008,3.24375
1/30/2008,3.23938
1/31/2008,3.11188
2/1/2008,3.095
2/4/2008,3.145
2/5/2008,3.16188
2/6/2008,3.1275
2/7/2008,3.09625
2/8/2008,3.08813
2/11/2008,3.07
2/12/2008,3.0675
2/13/2008,3.065
2/14/2008,3.065
2/15/2008,3.07
2/18/2008,3.07
2/19/2008,3.07
2/20/2008,3.07813
2/21/2008,3.0925
2/22/2008,3.08
2/25/2008,3.08938
2/26/2008,3.09
2/27/2008,3.085
2/28/2008,3.07563
2/29/2008,3.0575
3/3/2008,3.01438
3/4/2008,3.00813
3/5/2008,3
3/6/2008,2.99
3/7/2008,2.93875
3/10/2008,2.90125
3/11/2008,2.8675
3/12/2008,2.85
3/13/2008,2.8
3/14/2008,2.76375
3/17/2008,2.57875
3/18/2008,2.54188
3/19/2008,2.59875
3/20/2008,2.60625
3/21/2008,.
3/24/2008,.
3/25/2008,2.655
3/26/2008,2.67125
3/27/2008,2.69625
3/28/2008,2.6975
3/31/2008,2.68813
4/1/2008,2.68375
4/2/2008,2.7
4/3/2008,2.7275
4/4/2008,2.7275
4/7/2008,2.71
4/8/2008,2.71
4/9/2008,2.71563
4/10/2008,2.71
4/11/2008,2.71313
4/14/2008,2.70875
4/15/2008,2.71594
4/16/2008,2.73375
4/17/2008,2.8175
4/18/2008,2.9075
4/21/2008,2.92
4/22/2008,2.92
4/23/2008,2.92
4/24/2008,2.90688
4/25/2008,2.9125
4/28/2008,2.89938
4/29/2008,2.87281
4/30/2008,2.85
5/1/2008,2.78438
5/2/2008,2.77
5/5/2008,.
5/6/2008,2.7575
5/7/2008,2.73438
5/8/2008,2.71563
5/9/2008,2.685
5/12/2008,2.67813
5/13/2008,2.67563
5/14/2008,2.72
5/15/2008,2.71875
5/16/2008,2.695
5/19/2008,2.6775
5/20/2008,2.6575
5/21/2008,2.63813
5/22/2008,2.63813
5/23/2008,2.64563
5/26/2008,.
5/27/2008,2.64438
5/28/2008,2.64938
5/29/2008,2.68188
5/30/2008,2.68063
6/2/2008,2.67625
6/3/2008,2.67313
6/4/2008,2.67188
6/5/2008,2.67688
6/6/2008,2.69563
6/9/2008,2.69125
6/10/2008,2.78625
6/11/2008,2.78813
6/12/2008,2.77625
6/13/2008,2.81375
6/16/2008,2.8125
6/17/2008,2.80875
6/18/2008,2.8025
6/19/2008,2.80125
6/20/2008,2.80188
6/23/2008,2.80438
6/24/2008,2.80938
6/25/2008,2.80813
6/26/2008,2.80063
6/27/2008,2.79125
6/30/2008,2.78313
7/1/2008,2.7875
7/2/2008,2.79125
7/3/2008,2.79125
7/4/2008,2.78938
7/7/2008,2.79125
7/8/2008,2.79
7/9/2008,2.79188
7/10/2008,2.78813
7/11/2008,2.79063
7/14/2008,2.79063
7/15/2008,2.78938
7/16/2008,2.785
7/17/2008,2.78625
7/18/2008,2.79063
7/21/2008,2.79938
7/22/2008,2.79625
7/23/2008,2.8
7/24/2008,2.795
7/25/2008,2.79313
7/28/2008,2.79625
7/29/2008,2.79875
7/30/2008,2.80063
7/31/2008,2.79125
8/1/2008,2.79438
8/4/2008,2.79813
8/5/2008,2.80188
8/6/2008,2.8025
8/7/2008,2.8025
8/8/2008,2.80375
8/11/2008,2.80375
8/12/2008,2.80438
8/13/2008,2.80438
8/14/2008,2.80688
8/15/2008,2.80875
8/18/2008,2.81
8/19/2008,2.81125
8/20/2008,2.81188
8/21/2008,2.81063
8/22/2008,2.81
8/25/2008,.
8/26/2008,2.80938
8/27/2008,2.81
8/28/2008,2.81
8/29/2008,2.81063
9/1/2008,2.81
9/2/2008,2.81313
9/3/2008,2.81375
9/4/2008,2.815
9/5/2008,2.81438
9/8/2008,2.81688
9/9/2008,2.81813
9/10/2008,2.81875
9/11/2008,2.81875
9/12/2008,2.81875
9/15/2008,2.81625
9/16/2008,2.87625
9/17/2008,3.0625
9/18/2008,3.20375
9/19/2008,3.21
9/22/2008,3.1975
9/23/2008,3.21125
9/24/2008,3.47625
9/25/2008,3.76875
9/26/2008,3.76188
9/29/2008,3.8825
9/30/2008,4.0525
10/1/2008,4.15
10/2/2008,4.2075
10/3/2008,4.33375
10/6/2008,4.28875
10/7/2008,4.32
10/8/2008,4.52375
10/9/2008,4.75
10/10/2008,4.81875
10/13/2008,4.7525
10/14/2008,4.635
10/15/2008,4.55
10/16/2008,4.5025
10/17/2008,4.41875
10/20/2008,4.05875
10/21/2008,3.83375
10/22/2008,3.54125
10/23/2008,3.535
10/24/2008,3.51625
10/27/2008,3.5075
10/28/2008,3.465
10/29/2008,3.42
10/30/2008,3.1925
10/31/2008,3.02625
11/3/2008,2.85875
11/4/2008,2.70625
11/5/2008,2.50625
11/6/2008,2.3875
11/7/2008,2.29
11/10/2008,2.235
11/11/2008,2.175
11/12/2008,2.1325
11/13/2008,2.14875
11/14/2008,2.23625
11/17/2008,2.23875
11/18/2008,2.2175
11/19/2008,2.1725
11/20/2008,2.15313
11/21/2008,2.1575
11/24/2008,2.16875
11/25/2008,2.19625
11/26/2008,2.18125
11/27/2008,2.2025
11/28/2008,2.21688
12/1/2008,2.22
12/2/2008,2.21
12/3/2008,2.20125
12/4/2008,2.1925
12/5/2008,2.18563
12/8/2008,2.18938
12/9/2008,2.16375
12/10/2008,2.09875
12/11/2008,1.99625
12/12/2008,1.92125
12/15/2008,1.87125
12/16/2008,1.8475
12/17/2008,1.5775
12/18/2008,1.525
12/19/2008,1.4975
12/22/2008,1.46625
12/23/2008,1.46625
12/24/2008,1.4675
12/25/2008,.
12/26/2008,.
12/29/2008,1.45875
12/30/2008,1.435
12/31/2008,1.425
1/1/2009,.
1/2/2009,1.4125
1/5/2009,1.42125
1/6/2009,1.41125
1/7/2009,1.3975
1/8/2009,1.35375
1/9/2009,1.26
1/12/2009,1.16
1/13/2009,1.09438
1/14/2009,1.0825
1/15/2009,1.08563
1/16/2009,1.1425
1/19/2009,1.1325
1/20/2009,1.1225
1/21/2009,1.125
1/22/2009,1.15938
1/23/2009,1.16938
1/26/2009,1.18375
1/27/2009,1.18438
1/28/2009,1.17438
1/29/2009,1.17
1/30/2009,1.18438
2/2/2009,1.225
2/3/2009,1.23375
2/4/2009,1.23563
2/5/2009,1.24125
2/6/2009,1.24125
2/9/2009,1.22813
2/10/2009,1.22188
2/11/2009,1.23125
2/12/2009,1.23438
2/13/2009,1.2375
2/16/2009,1.24563
2/17/2009,1.24563
2/18/2009,1.25125
2/19/2009,1.25063
2/20/2009,1.24875
2/23/2009,1.24875
2/24/2009,1.25
2/25/2009,1.25625
2/26/2009,1.26125
2/27/2009,1.26438
3/2/2009,1.26625
3/3/2009,1.27125
3/4/2009,1.27663
3/5/2009,1.28375
3/6/2009,1.2925
3/9/2009,1.3125
3/10/2009,1.33125
3/11/2009,1.32594
3/12/2009,1.32
3/13/2009,1.31563
3/16/2009,1.30875
3/17/2009,1.29938
3/18/2009,1.2875
3/19/2009,1.22688
3/20/2009,1.22281
3/23/2009,1.22219
3/24/2009,1.22625
3/25/2009,1.2275
3/26/2009,1.23188
3/27/2009,1.22
3/30/2009,1.2075
3/31/2009,1.19188
4/1/2009,1.17688
4/2/2009,1.16594
4/3/2009,1.16094
4/6/2009,1.15688
4/7/2009,1.14938
4/8/2009,1.13875
4/9/2009,1.13125
4/10/2009,.
4/13/2009,.
4/14/2009,1.12188
4/15/2009,1.1125
4/16/2009,1.10688
4/17/2009,1.10188
4/20/2009,1.10063
4/21/2009,1.1
4/22/2009,1.09938
4/23/2009,1.09188
4/24/2009,1.0725
4/27/2009,1.05375
4/28/2009,1.03938
4/29/2009,1.0275
4/30/2009,1.01625
5/1/2009,1.00688
5/4/2009,.
5/5/2009,0.98625
5/6/2009,0.97375
5/7/2009,0.95625
5/8/2009,0.9375
5/11/2009,0.92
5/12/2009,0.90563
5/13/2009,0.88313
5/14/2009,0.85438
5/15/2009,0.82563
5/18/2009,0.785
5/19/2009,0.7525
5/20/2009,0.71625
5/21/2009,0.66125
5/22/2009,0.66
5/25/2009,.
5/26/2009,0.66375
5/27/2009,0.67375
5/28/2009,0.6675
5/29/2009,0.65625
6/1/2009,0.65
6/2/2009,0.64625
6/3/2009,0.63688
6/4/2009,0.62938
6/5/2009,0.6325
6/8/2009,0.65
6/9/2009,0.6475
6/10/2009,0.63875
6/11/2009,0.62938
6/12/2009,0.62438
6/15/2009,0.61438
6/16/2009,0.61313
6/17/2009,0.61
6/18/2009,0.60875
6/19/2009,0.61188
6/22/2009,0.61
6/23/2009,0.6075
6/24/2009,0.60438
6/25/2009,0.60125
6/26/2009,0.5975
6/29/2009,0.59688
6/30/2009,0.595
7/1/2009,0.5875
7/2/2009,0.5775
7/3/2009,0.55875
7/6/2009,0.54813
7/7/2009,0.5375
7/8/2009,0.525
7/9/2009,0.51
7/10/2009,0.505
7/13/2009,0.50938
7/14/2009,0.51313
7/15/2009,0.51375
7/16/2009,0.51
7/17/2009,0.50375
7/20/2009,0.505
7/21/2009,0.50313
7/22/2009,0.50188
7/23/2009,0.50375
7/24/2009,0.50188
7/27/2009,0.49625
7/28/2009,0.49125
7/29/2009,0.4875
7/30/2009,0.48313
7/31/2009,0.47938
8/3/2009,0.47188
8/4/2009,0.47063
8/5/2009,0.46813
8/6/2009,0.46438
8/7/2009,0.46125
8/10/2009,0.45875
8/11/2009,0.45438
8/12/2009,0.44969
8/13/2009,0.44
8/14/2009,0.42938
8/17/2009,0.43125
8/18/2009,0.425
8/19/2009,0.41875
8/20/2009,0.40688
8/21/2009,0.39313
8/24/2009,0.38688
8/25/2009,0.38
8/26/2009,0.37188
8/27/2009,0.36063
8/28/2009,0.3475
8/31/2009,.
9/1/2009,0.33438
9/2/2009,0.33
9/3/2009,0.32188
9/4/2009,0.31438
9/7/2009,0.30875
9/8/2009,0.30188
9/9/2009,0.29869
9/10/2009,0.29969
9/11/2009,0.299
9/14/2009,0.295
9/15/2009,0.29338
9/16/2009,0.29188
9/17/2009,0.29188
9/18/2009,0.28938
9/21/2009,0.28938
9/22/2009,0.28563
9/23/2009,0.285
9/24/2009,0.28313
9/25/2009,0.2825
9/28/2009,0.2825
9/29/2009,0.28969
9/30/2009,0.28688
10/1/2009,0.28438
10/2/2009,0.28406
10/5/2009,0.28406
10/6/2009,0.28406
10/7/2009,0.28438
10/8/2009,0.28438
10/9/2009,0.28438
10/12/2009,0.28438
10/13/2009,0.28438
10/14/2009,0.28406
10/15/2009,0.28406
10/16/2009,0.28406
10/19/2009,0.28338
10/20/2009,0.28313
10/21/2009,0.28344
10/22/2009,0.28219
10/23/2009,0.28188
10/26/2009,0.28063
10/27/2009,0.28063
10/28/2009,0.28063
10/29/2009,0.28063
10/30/2009,0.28063
11/2/2009,0.27938
11/3/2009,0.27813
11/4/2009,0.2775
11/5/2009,0.27531
11/6/2009,0.27406
11/9/2009,0.2725
11/10/2009,0.2725
11/11/2009,0.2725
11/12/2009,0.2725
11/13/2009,0.2725
11/16/2009,0.27125
11/17/2009,0.27031
11/18/2009,0.26906
11/19/2009,0.26656
11/20/2009,0.26219
11/23/2009,0.26188
11/24/2009,0.26063
11/25/2009,0.25563
11/26/2009,0.25438
11/27/2009,0.25563
11/30/2009,0.25656
12/1/2009,0.25531
12/2/2009,0.255
12/3/2009,0.25531
12/4/2009,0.25656
12/7/2009,0.25656
12/8/2009,0.25594
12/9/2009,0.25519
12/10/2009,0.25425
12/11/2009,0.25363
12/14/2009,0.25375
12/15/2009,0.25344
12/16/2009,0.25375
12/17/2009,0.25338
12/18/2009,0.25125
12/21/2009,0.24875
12/22/2009,0.24875
12/23/2009,0.25063
12/24/2009,0.25063
12/25/2009,.
12/28/2009,.
12/29/2009,0.25063
12/30/2009,0.25063
12/31/2009,0.25063
1/1/2010,.
1/4/2010,0.25438
1/5/2010,0.2525
1/6/2010,0.25
1/7/2010,0.24938
1/8/2010,0.25125
1/11/2010,0.25125
1/12/2010,0.25125
1/13/2010,0.25125
1/14/2010,0.25125
1/15/2010,0.25125
1/18/2010,0.24875
1/19/2010,0.249
1/20/2010,0.24888
1/21/2010,0.24888
1/22/2010,0.24906
1/25/2010,0.24875
1/26/2010,0.24875
1/27/2010,0.24875
1/28/2010,0.24875
1/29/2010,0.24906
2/1/2010,0.24906
2/2/2010,0.25031
2/3/2010,0.24906
2/4/2010,0.24875
2/5/2010,0.24969
2/8/2010,0.25
2/9/2010,0.25
2/10/2010,0.25
2/11/2010,0.25
2/12/2010,0.25
2/15/2010,0.25
2/16/2010,0.25
2/17/2010,0.25063
2/18/2010,0.25125
2/19/2010,0.25194
2/22/2010,0.25219
2/23/2010,0.25194
2/24/2010,0.25194
2/25/2010,0.25194
2/26/2010,0.25169
3/1/2010,0.25169
3/2/2010,0.25194
3/3/2010,0.25194
3/4/2010,0.25219
3/5/2010,0.25363
3/8/2010,0.25425
3/9/2010,0.2555
3/10/2010,0.25563
3/11/2010,0.25703
3/12/2010,0.25719
3/15/2010,0.25763
3/16/2010,0.26088
3/17/2010,0.26638
3/18/2010,0.271
3/19/2010,0.2775
3/22/2010,0.28188
3/23/2010,0.28353
3/24/2010,0.28491
3/25/2010,0.28781
3/26/2010,0.28875
3/29/2010,0.29013
3/30/2010,0.29088
3/31/2010,0.2915
4/1/2010,0.2915
4/2/2010,.
4/5/2010,.
4/6/2010,0.29488
4/7/2010,0.29525
4/8/2010,0.294
4/9/2010,0.29781
4/12/2010,0.30041
4/13/2010,0.30281
4/14/2010,0.30375
4/15/2010,0.30438
4/16/2010,0.30531
4/19/2010,0.30531
4/20/2010,0.30719
4/21/2010,0.31281
4/22/2010,0.31578
4/23/2010,0.32063
4/26/2010,0.32375
4/27/2010,0.32781
4/28/2010,0.33781
4/29/2010,0.34438
4/30/2010,0.34656
5/3/2010,.
5/4/2010,0.35313
5/5/2010,0.36016
5/6/2010,0.37359
5/7/2010,0.42813
5/10/2010,0.42125
5/11/2010,0.42281
5/12/2010,0.43019
5/13/2010,0.43588
5/14/2010,0.44506
5/17/2010,0.46
5/18/2010,0.46469
5/19/2010,0.4775
5/20/2010,0.48406
5/21/2010,0.49688
5/24/2010,0.50969
5/25/2010,0.53625
5/26/2010,0.53781
5/27/2010,0.53844
5/28/2010,0.53625
5/31/2010,.
6/1/2010,0.53625
6/2/2010,0.5375
6/3/2010,0.53781
6/4/2010,0.53656
6/7/2010,0.53719
6/8/2010,0.53688
6/9/2010,0.53656
6/10/2010,0.53644
6/11/2010,0.53706
6/14/2010,0.53706
6/15/2010,0.53894
6/16/2010,0.53894
6/17/2010,0.53925
6/18/2010,0.53819
6/21/2010,0.53838
6/22/2010,0.53825
6/23/2010,0.53825
6/24/2010,0.53719
6/25/2010,0.53469
6/28/2010,0.53344
6/29/2010,0.533
6/30/2010,0.53394
7/1/2010,0.53331
7/2/2010,0.53363
7/5/2010,0.53125
7/6/2010,0.53113
7/7/2010,0.52988
7/8/2010,0.5275
7/9/2010,0.52681
7/12/2010,0.52556
7/13/2010,0.52594
7/14/2010,0.52563
7/15/2010,0.52469
7/16/2010,0.52125
7/19/2010,0.51781
7/20/2010,0.5125
7/21/2010,0.50625
7/22/2010,0.49781
7/23/2010,0.49313
7/26/2010,0.4875
7/27/2010,0.48125
7/28/2010,0.475
7/29/2010,0.46563
7/30/2010,0.45375
8/2/2010,0.44469
8/3/2010,0.43469
8/4/2010,0.42406
8/5/2010,0.41813
8/6/2010,0.41125
8/9/2010,0.40438
8/10/2010,0.39781
8/11/2010,0.38438
8/12/2010,0.37625
8/13/2010,0.36938
8/16/2010,0.36188
8/17/2010,0.35219
8/18/2010,0.34547
8/19/2010,0.33906
8/20/2010,0.32922
8/23/2010,0.3175
8/24/2010,0.3075
8/25/2010,0.30375
8/26/2010,0.29938
8/27/2010,0.29688
8/30/2010,.
8/31/2010,0.29563
9/1/2010,0.29563
9/2/2010,0.29438
9/3/2010,0.29281
9/6/2010,0.29219
9/7/2010,0.29188
9/8/2010,0.2925
9/9/2010,0.2925
9/10/2010,0.29219
9/13/2010,0.29219
9/14/2010,0.29188
9/15/2010,0.29203
9/16/2010,0.29141
9/17/2010,0.29156
9/20/2010,0.29031
9/21/2010,0.28969
9/22/2010,0.28938
9/23/2010,0.28938
9/24/2010,0.28938
9/27/2010,0.28938
9/28/2010,0.28938
9/29/2010,0.29
9/30/2010,0.29
10/1/2010,0.29063
10/4/2010,0.29063
10/5/2010,0.29
10/6/2010,0.28969
10/7/2010,0.28906
10/8/2010,0.28906
10/11/2010,0.28906
10/12/2010,0.28906
10/13/2010,0.28906
10/14/2010,0.28906
10/15/2010,0.28906
10/18/2010,0.28906
10/19/2010,0.28906
10/20/2010,0.28844
10/21/2010,0.28844
10/22/2010,0.28844
10/25/2010,0.28844
10/26/2010,0.28844
10/27/2010,0.28813
10/28/2010,0.28688
10/29/2010,0.28594
11/1/2010,0.28594
11/2/2010,0.28594
11/3/2010,0.28594
11/4/2010,0.28563
11/5/2010,0.28563
11/8/2010,0.28563
11/9/2010,0.28563
11/10/2010,0.28563
11/11/2010,0.28563
11/12/2010,0.28438
11/15/2010,0.28438
11/16/2010,0.28438
11/17/2010,0.28438
11/18/2010,0.28438
11/19/2010,0.28438
11/22/2010,0.28438
11/23/2010,0.28438
11/24/2010,0.2875
11/25/2010,0.29188
11/26/2010,0.29438
11/29/2010,0.29594
11/30/2010,0.30031
12/1/2010,0.30344
12/2/2010,0.30344
12/3/2010,0.30344
12/6/2010,0.30344
12/7/2010,0.30219
12/8/2010,0.30219
12/9/2010,0.30219
12/10/2010,0.30156
12/13/2010,0.30156
12/14/2010,0.30188
12/15/2010,0.30188
12/16/2010,0.30375
12/17/2010,0.30375
12/20/2010,0.30281
12/21/2010,0.30281
12/22/2010,0.30281
12/23/2010,0.30281
12/24/2010,0.30281
12/27/2010,.
12/28/2010,.
12/29/2010,0.30281
12/30/2010,0.30281
12/31/2010,0.30281
1/3/2011,.
1/4/2011,0.30281
1/5/2011,0.30281
1/6/2011,0.30313
1/7/2011,0.30313
1/10/2011,0.30313
1/11/2011,0.30313
1/12/2011,0.30313
1/13/2011,0.30313
1/14/2011,0.30313
1/17/2011,0.30313
1/18/2011,0.30313
1/19/2011,0.30313
1/20/2011,0.30313
1/21/2011,0.30313
1/24/2011,0.30313
1/25/2011,0.30438
1/26/2011,0.30438
1/27/2011,0.30438
1/28/2011,0.30438
1/31/2011,0.30438
2/1/2011,0.3105
2/2/2011,0.3105
2/3/2011,0.3105
2/4/2011,0.3115
2/7/2011,0.312
2/8/2011,0.312
2/9/2011,0.312
2/10/2011,0.312
2/11/2011,0.313
2/14/2011,0.314
2/15/2011,0.3135
2/16/2011,0.3135
2/17/2011,0.3135
2/18/2011,0.3125
2/21/2011,0.3125
2/22/2011,0.3125
2/23/2011,0.3115
2/24/2011,0.3105
2/25/2011,0.3105
2/28/2011,0.3095
3/1/2011,0.3095
3/2/2011,0.3095
3/3/2011,0.3095
3/4/2011,0.3095
3/7/2011,0.3095
3/8/2011,0.3095
3/9/2011,0.3095
3/10/2011,0.3095
3/11/2011,0.3095
3/14/2011,0.309
3/15/2011,0.309
3/16/2011,0.309
3/17/2011,0.309
3/18/2011,0.309
3/21/2011,0.309
3/22/2011,0.309
3/23/2011,0.308
3/24/2011,0.3085
3/25/2011,0.3075
3/28/2011,0.307
3/29/2011,0.307
3/30/2011,0.3045
3/31/2011,0.303
4/1/2011,0.301
4/4/2011,0.29675
4/5/2011,0.29375
4/6/2011,0.29263
4/7/2011,0.2895
4/8/2011,0.28525
4/11/2011,0.28275
4/12/2011,0.28075
4/13/2011,0.278
4/14/2011,0.2755
4/15/2011,0.27475
4/18/2011,0.274
4/19/2011,0.27375
4/20/2011,0.27375
4/21/2011,0.27375
4/22/2011,.
4/25/2011,.
4/26/2011,0.27275
4/27/2011,0.27325
4/28/2011,0.273
4/29/2011,.
5/2/2011,.
5/3/2011,0.27225
5/4/2011,0.27025
5/5/2011,0.26825
5/6/2011,0.267
5/9/2011,0.26575
5/10/2011,0.264
5/11/2011,0.26225
5/12/2011,0.26075
5/13/2011,0.2605
5/16/2011,0.2605
5/17/2011,0.25975
5/18/2011,0.26
5/19/2011,0.2585
5/20/2011,0.2575
5/23/2011,0.25675
5/24/2011,0.255
5/25/2011,0.2545
5/26/2011,0.254
5/27/2011,0.25388
5/30/2011,.
5/31/2011,0.25288
6/1/2011,0.25288
6/2/2011,0.252
6/3/2011,0.252
6/6/2011,0.25175
6/7/2011,0.25175
6/8/2011,0.25025
6/9/2011,0.2495
6/10/2011,0.2485
6/13/2011,0.247
6/14/2011,0.24525
6/15/2011,0.245
6/16/2011,0.2465
6/17/2011,0.2465
6/20/2011,0.2465
6/21/2011,0.2455
6/22/2011,0.2455
6/23/2011,0.2465
6/24/2011,0.24625
6/27/2011,0.24575
6/28/2011,0.24575
6/29/2011,0.24575
6/30/2011,0.24575
7/1/2011,0.24575
7/4/2011,0.24575
7/5/2011,0.24575
7/6/2011,0.24575
7/7/2011,0.24605
7/8/2011,0.24605
7/11/2011,0.24605
7/12/2011,0.249
7/13/2011,0.24925
7/14/2011,0.24975
7/15/2011,0.24975
7/18/2011,0.25125
7/19/2011,0.252
7/20/2011,0.253
7/21/2011,0.253
7/22/2011,0.253
7/25/2011,0.2521
7/26/2011,0.2526
7/27/2011,0.25285
7/28/2011,0.25395
7/29/2011,0.2555
8/1/2011,0.25722
8/2/2011,0.26444
8/3/2011,0.26828
8/4/2011,0.26939
8/5/2011,0.27161
8/8/2011,0.27478
8/9/2011,0.27839
8/10/2011,0.28061
8/11/2011,0.28617
8/12/2011,0.29006
8/15/2011,0.29172
8/16/2011,0.29283
8/17/2011,0.29589
8/18/2011,0.29778
8/19/2011,0.303
8/22/2011,0.30844
8/23/2011,0.31178
8/24/2011,0.31428
8/25/2011,0.319
8/26/2011,0.32278
8/29/2011,.
8/30/2011,0.32556
8/31/2011,0.32722
9/1/2011,0.32944
9/2/2011,0.33056
9/5/2011,0.33278
9/6/2011,0.33561
9/7/2011,0.33683
9/8/2011,0.33683
9/9/2011,0.33794
9/12/2011,0.34289
9/13/2011,0.34711
9/14/2011,0.34911
9/15/2011,0.35022
9/16/2011,0.35133
9/19/2011,0.3525
9/20/2011,0.355
9/21/2011,0.35556
9/22/2011,0.35806
9/23/2011,0.36022
9/26/2011,0.36278
9/27/2011,0.36522
9/28/2011,0.36856
9/29/2011,0.37211
9/30/2011,0.37433
10/3/2011,0.37761
10/4/2011,0.38094
10/5/2011,0.38361
10/6/2011,0.38778
10/7/2011,0.39111
10/10/2011,0.39417
10/11/2011,0.3975
10/12/2011,0.40083
10/13/2011,0.40306
10/14/2011,0.40472
10/17/2011,0.40583
10/18/2011,0.40917
10/19/2011,0.41167
10/20/2011,0.41556
10/21/2011,0.41833
10/24/2011,0.42028
10/25/2011,0.42222
10/26/2011,0.42472
10/27/2011,0.42806
10/28/2011,0.42944
10/31/2011,0.42944
11/1/2011,0.43167
11/2/2011,0.43306
11/3/2011,0.435
11/4/2011,0.4375
11/7/2011,0.44139
11/8/2011,0.44417
11/9/2011,0.44917
11/10/2011,0.45278
11/11/2011,0.45722
11/14/2011,0.46056
11/15/2011,0.46556
11/16/2011,0.47111
11/17/2011,0.47944
11/18/2011,0.48778
11/21/2011,0.495
11/22/2011,0.50028
11/23/2011,0.50611
11/24/2011,0.51167
11/25/2011,0.51806
11/28/2011,0.52306
11/29/2011,0.52694
11/30/2011,0.52889
12/1/2011,0.52722
12/2/2011,0.52833
12/5/2011,0.5339
12/6/2011,0.53775
12/7/2011,0.54
12/8/2011,0.54
12/9/2011,0.54175
12/12/2011,0.5435
12/13/2011,0.54625
12/14/2011,0.55505
12/15/2011,0.55915
12/16/2011,0.56315
12/19/2011,0.56695
12/20/2011,0.56975
12/21/2011,0.57125
12/22/2011,0.57375
12/23/2011,0.57575
12/26/2011,.
12/27/2011,.
12/28/2011,0.57925
12/29/2011,0.581
12/30/2011,0.581
1/2/2012,.
1/3/2012,0.5825
1/4/2012,0.5825
1/5/2012,0.5825
1/6/2012,0.5815
1/9/2012,0.5805
1/10/2012,0.5795
1/11/2012,0.5765
1/12/2012,0.5715
1/13/2012,0.567
1/16/2012,0.5649
1/17/2012,0.5623
1/18/2012,0.5612
1/19/2012,0.5612
1/20/2012,0.5611
1/23/2012,0.5601
1/24/2012,0.5591
1/25/2012,0.5566
1/26/2012,0.5531
1/27/2012,0.5511
1/30/2012,0.54685
1/31/2012,0.54235
2/1/2012,0.5371
2/2/2012,0.5306
2/3/2012,0.527
2/6/2012,0.52325
2/7/2012,0.52
2/8/2012,0.51325
2/9/2012,0.51
2/10/2012,0.506
2/13/2012,0.5026
2/14/2012,0.4976
2/15/2012,0.4951
2/16/2012,0.4931
2/17/2012,0.4931
2/20/2012,0.4931
2/21/2012,0.4926
2/22/2012,0.4916
2/23/2012,0.4906
2/24/2012,0.4906
2/27/2012,0.4891
2/28/2012,0.4875
2/29/2012,0.48425
3/1/2012,0.4797
3/2/2012,0.47575
3/5/2012,0.47455
3/6/2012,0.47455
3/7/2012,0.47455
3/8/2012,0.47355
3/9/2012,0.47355
3/12/2012,0.47355
3/13/2012,0.47365
3/14/2012,0.47365
3/15/2012,0.47365
3/16/2012,0.47365
3/19/2012,0.47365
3/20/2012,0.47415
3/21/2012,0.47415
3/22/2012,0.47365
3/23/2012,0.47315
3/26/2012,0.47265
3/27/2012,0.47065
3/28/2012,0.46965
3/29/2012,0.46815
3/30/2012,0.46815
4/2/2012,0.46815
4/3/2012,0.46915
4/4/2012,0.46915
4/5/2012,0.46915
4/6/2012,.
4/9/2012,.
4/10/2012,0.46915
4/11/2012,0.46865
4/12/2012,0.46665
4/13/2012,0.46615
4/16/2012,0.46565
4/17/2012,0.46565
4/18/2012,0.46565
4/19/2012,0.46565
4/20/2012,0.46565
4/23/2012,0.46565
4/24/2012,0.46585
4/25/2012,0.46585
4/26/2012,0.46585
4/27/2012,0.46585
4/30/2012,0.46585
5/1/2012,0.46585
5/2/2012,0.46585
5/3/2012,0.46585
5/4/2012,0.46585
5/7/2012,.
5/8/2012,0.46585
5/9/2012,0.46685
5/10/2012,0.46685
5/11/2012,0.46685
5/14/2012,0.46585
5/15/2012,0.46585
5/16/2012,0.46685
5/17/2012,0.46685
5/18/2012,0.46685
5/21/2012,0.46685
5/22/2012,0.46685
5/23/2012,0.46685
5/24/2012,0.46685
5/25/2012,0.46685
5/28/2012,0.46685
5/29/2012,0.46685
5/30/2012,0.46685
5/31/2012,0.46685
6/1/2012,0.46785
6/4/2012,.
6/5/2012,.
6/6/2012,0.46785
6/7/2012,0.46785
6/8/2012,0.46785
6/11/2012,0.46785
6/12/2012,0.46785
6/13/2012,0.46785
6/14/2012,0.46785
6/15/2012,0.46785
6/18/2012,0.46785
6/19/2012,0.46785
6/20/2012,0.4676
6/21/2012,0.4676
6/22/2012,0.4616
6/25/2012,0.4606
6/26/2012,0.4606
6/27/2012,0.4606
6/28/2012,0.4606
6/29/2012,0.4606
7/2/2012,0.4606
7/3/2012,0.4606
7/4/2012,0.4596
7/5/2012,0.4596
7/6/2012,0.4576
7/9/2012,0.4576
7/10/2012,0.4576
7/11/2012,0.4561
7/12/2012,0.4551
7/13/2012,0.4551
7/16/2012,0.4551
7/17/2012,0.4551
7/18/2012,0.4551
7/19/2012,0.4531
7/20/2012,0.4521
7/23/2012,0.4511
7/24/2012,0.4481
7/25/2012,0.4481
7/26/2012,0.4471
7/27/2012,0.4466
7/30/2012,0.4446
7/31/2012,0.4426
8/1/2012,0.4416
8/2/2012,0.44185
8/3/2012,0.43935
8/6/2012,0.43885
8/7/2012,0.43785
8/8/2012,0.43675
8/9/2012,0.4375
8/10/2012,0.437
8/13/2012,0.4345
8/14/2012,0.4365
8/15/2012,0.4345
8/16/2012,0.4335
8/17/2012,0.4345
8/20/2012,0.4335
8/21/2012,0.4335
8/22/2012,0.43075
8/23/2012,0.42685
8/24/2012,0.42485
8/27/2012,.
8/28/2012,0.42275
8/29/2012,0.42175
8/30/2012,0.42075
8/31/2012,0.41825
9/3/2012,0.41435
9/4/2012,0.41185
9/5/2012,0.40985
9/6/2012,0.40835
9/7/2012,0.40775
9/10/2012,0.40425
9/11/2012,0.39875
9/12/2012,0.39425
9/13/2012,0.38875
9/14/2012,0.38525
9/17/2012,0.38075
9/18/2012,0.37875
9/19/2012,0.37575
9/20/2012,0.373
9/21/2012,0.36925
9/24/2012,0.36725
9/25/2012,0.3635
9/26/2012,0.36225
9/27/2012,0.36025
9/28/2012,0.3585
10/1/2012,0.35525
10/2/2012,0.354
10/3/2012,0.3525
10/4/2012,0.35225
10/5/2012,0.35125
10/8/2012,0.35025
10/9/2012,0.34675
10/10/2012,0.34275
10/11/2012,0.34025
10/12/2012,0.33425
10/15/2012,0.33025
10/16/2012,0.32475
10/17/2012,0.32075
10/18/2012,0.31875
10/19/2012,0.31725
10/22/2012,0.31575
10/23/2012,0.31525
10/24/2012,0.31425
10/25/2012,0.31325
10/26/2012,0.31325
10/29/2012,0.31275
10/30/2012,0.31275
10/31/2012,0.31275
11/1/2012,0.31275
11/2/2012,0.31275
11/5/2012,0.31175
11/6/2012,0.31175
11/7/2012,0.31
11/8/2012,0.31
11/9/2012,0.31
11/12/2012,0.31
11/13/2012,0.31
11/14/2012,0.31
11/15/2012,0.311
11/16/2012,0.3115
11/19/2012,0.3115
11/20/2012,0.3105
11/21/2012,0.3115
11/22/2012,0.3115
11/23/2012,0.3115
11/26/2012,0.3115
11/27/2012,0.3115
11/28/2012,0.3105
11/29/2012,0.3105
11/30/2012,0.3105
12/3/2012,0.3105
12/4/2012,0.3105
12/5/2012,0.3105
12/6/2012,0.3105
12/7/2012,0.3095
12/10/2012,0.3105
12/11/2012,0.3095
12/12/2012,0.3095
12/13/2012,0.308
12/14/2012,0.308
12/17/2012,0.309
12/18/2012,0.309
12/19/2012,0.31
12/20/2012,0.31
12/21/2012,0.31
12/24/2012,0.31
12/25/2012,.
12/26/2012,.
12/27/2012,0.311
12/28/2012,0.308
12/31/2012,0.306
1/1/2013,.
1/2/2013,0.305
1/3/2013,0.305
1/4/2013,0.305
1/7/2013,0.305
1/8/2013,0.305
1/9/2013,0.305
1/10/2013,0.305
1/11/2013,0.304
1/14/2013,0.304
1/15/2013,0.303
1/16/2013,0.303
1/17/2013,0.302
1/18/2013,0.302
1/21/2013,0.302
1/22/2013,0.302
1/23/2013,0.301
1/24/2013,0.3005
1/25/2013,0.3005
1/28/2013,0.3015
1/29/2013,0.3005
1/30/2013,0.2985
1/31/2013,0.298
2/1/2013,0.2955
2/4/2013,0.2955
2/5/2013,0.2955
2/6/2013,0.293
2/7/2013,0.292
2/8/2013,0.292
2/11/2013,0.2931
2/12/2013,0.2921
2/13/2013,0.2901
2/14/2013,0.2901
2/15/2013,0.2901
2/18/2013,0.2891
2/19/2013,0.2891
2/20/2013,0.2891
2/21/2013,0.2881
2/22/2013,0.2881
2/25/2013,0.2866
2/26/2013,0.2866
2/27/2013,0.2871
2/28/2013,0.2871
3/1/2013,0.2841
3/4/2013,0.2831
3/5/2013,0.2811
3/6/2013,0.2796
3/7/2013,0.2806
3/8/2013,0.2801
3/11/2013,0.2801
3/12/2013,0.2811
3/13/2013,0.2801
3/14/2013,0.2801
3/15/2013,0.2801
3/18/2013,0.2801
3/19/2013,0.2821
3/20/2013,0.2841
3/21/2013,0.2841
3/22/2013,0.2846
3/25/2013,0.2831
3/26/2013,0.2836
3/27/2013,0.2836
3/28/2013,0.2826
3/29/2013,.
4/1/2013,.
4/2/2013,0.2821
4/3/2013,0.2811
4/4/2013,0.2804
4/5/2013,0.2794
4/8/2013,0.2794
4/9/2013,0.2781
4/10/2013,0.2771
4/11/2013,0.2771
4/12/2013,0.2776
4/15/2013,0.2776
4/16/2013,0.2771
4/17/2013,0.2761
4/18/2013,0.2761
4/19/2013,0.2761
4/22/2013,0.2751
4/23/2013,0.2756
4/24/2013,0.2756
4/25/2013,0.2756
4/26/2013,0.2756
4/29/2013,0.2741
4/30/2013,0.2731
5/1/2013,0.2731
5/2/2013,0.2731
5/3/2013,0.2751
5/6/2013,.
5/7/2013,0.2751
5/8/2013,0.2751
5/9/2013,0.2751
5/10/2013,0.2751
5/13/2013,0.2751
5/14/2013,0.2741
5/15/2013,0.2741
5/16/2013,0.2741
5/17/2013,0.2736
5/20/2013,0.2731
5/21/2013,0.2741
5/22/2013,0.27375
5/23/2013,0.27275
5/24/2013,0.27275
5/27/2013,.
5/28/2013,0.27275
5/29/2013,0.27575
5/30/2013,0.27465
5/31/2013,0.27525
6/3/2013,0.27325
6/4/2013,0.27395
6/5/2013,0.27445
6/6/2013,0.27425
6/7/2013,0.27515
6/10/2013,0.27415
6/11/2013,0.27225
6/12/2013,0.27325
6/13/2013,0.27325
6/14/2013,0.27275
6/17/2013,0.27325
6/18/2013,0.27225
6/19/2013,0.27175
6/20/2013,0.27255
6/21/2013,0.27275
6/24/2013,0.27675
6/25/2013,0.2761
6/26/2013,0.2756
6/27/2013,0.274
6/28/2013,0.2731
7/1/2013,0.2731
7/2/2013,0.2729
7/3/2013,0.2739
7/4/2013,0.2709
7/5/2013,0.2699
7/8/2013,0.2686
7/9/2013,0.2691
7/10/2013,0.2691
7/11/2013,0.2681
7/12/2013,0.2676
7/15/2013,0.2676
7/16/2013,0.2662
7/17/2013,0.2662
7/18/2013,0.2662
7/19/2013,0.2647
7/22/2013,0.2647
7/23/2013,0.2659
7/24/2013,0.2643
7/25/2013,0.2638
7/26/2013,0.265
7/29/2013,0.266
7/30/2013,0.265
7/31/2013,0.2656
8/1/2013,0.2656
8/2/2013,0.2666
8/5/2013,0.2654
8/6/2013,0.2664
8/7/2013,0.2664
8/8/2013,0.2647
8/9/2013,0.2647
8/12/2013,0.2647
8/13/2013,0.2642
8/14/2013,0.2632
8/15/2013,0.2632
8/16/2013,0.2641
8/19/2013,0.2631
8/20/2013,0.2621
8/21/2013,0.2621
8/22/2013,0.2621
8/23/2013,0.2621
8/26/2013,.
8/27/2013,0.2594
8/28/2013,0.2605
8/29/2013,0.2612
8/30/2013,0.2595
9/2/2013,0.2595
9/3/2013,0.2595
9/4/2013,0.259
9/5/2013,0.2581
9/6/2013,0.2564
9/9/2013,0.2559
9/10/2013,0.2559
9/11/2013,0.2544
9/12/2013,0.2544
9/13/2013,0.2539
9/16/2013,0.25185
9/17/2013,0.25195
9/18/2013,0.25245
9/19/2013,0.2502
9/20/2013,0.2496
9/23/2013,0.2506
9/24/2013,0.2502
9/25/2013,0.2476
9/26/2013,0.2481
9/27/2013,0.24835
9/30/2013,0.24885
10/1/2013,0.24585
10/2/2013,0.24435
10/3/2013,0.24285
10/4/2013,0.24285
10/7/2013,0.24335
10/8/2013,0.2436
10/9/2013,0.2456
10/10/2013,0.2431
10/11/2013,0.2436
10/14/2013,0.2458
10/15/2013,0.24355
10/16/2013,0.24605
10/17/2013,0.24205
10/18/2013,0.24055
10/21/2013,0.2386
10/22/2013,0.23835
10/23/2013,0.23835
10/24/2013,0.2381
10/25/2013,0.23685
10/28/2013,0.23585
10/29/2013,0.23745
10/30/2013,0.2419
10/31/2013,0.242
11/1/2013,0.23775
11/4/2013,0.2381
11/5/2013,0.2377
11/6/2013,0.23865
11/7/2013,0.2389
11/8/2013,0.2394
11/11/2013,0.23925
11/12/2013,0.23925
11/13/2013,0.2406
11/14/2013,0.23845
11/15/2013,0.2381
11/18/2013,0.23735
11/19/2013,0.2391
11/20/2013,0.2381
11/21/2013,0.2376
11/22/2013,0.2366
11/25/2013,0.23585
11/26/2013,0.2366
11/27/2013,0.2376
11/28/2013,0.2391
11/29/2013,0.2391
12/2/2013,0.23885
12/3/2013,0.2413
12/4/2013,0.24185
12/5/2013,0.2416
12/6/2013,0.24085
12/9/2013,0.2426
12/10/2013,0.24185
12/11/2013,0.24385
12/12/2013,0.24285
12/13/2013,0.24385
12/16/2013,0.24285
12/17/2013,0.24435
12/18/2013,0.2451
12/19/2013,0.24585
12/20/2013,0.24835
12/23/2013,0.24585
12/24/2013,0.24685
12/25/2013,.
12/26/2013,.
12/27/2013,0.2466
12/30/2013,0.2466
12/31/2013,0.2461
1/1/2014,.
1/2/2014,0.24285
1/3/2014,0.23985
1/6/2014,0.23935
1/7/2014,0.2421
1/8/2014,0.2404
1/9/2014,0.24165
1/10/2014,0.24165
1/13/2014,0.2389
1/14/2014,0.23675
1/15/2014,0.23785
1/16/2014,0.23635
1/17/2014,0.2366
1/20/2014,0.2371
1/21/2014,0.2366
1/22/2014,0.2371
1/23/2014,0.2386
1/24/2014,0.23535
1/27/2014,0.2361
1/28/2014,0.2361
1/29/2014,0.2356
1/30/2014,0.2376
1/31/2014,0.2366
2/3/2014,0.2356
2/4/2014,0.23645
2/5/2014,0.23635
2/6/2014,0.23685
2/7/2014,0.23385
2/10/2014,0.23385
2/11/2014,0.2366
2/12/2014,0.2361
2/13/2014,0.23585
2/14/2014,0.23585
2/17/2014,0.2351
2/18/2014,0.23455
2/19/2014,0.2336
2/20/2014,0.2356
2/21/2014,0.23485
2/24/2014,0.23435
2/25/2014,0.2336
2/26/2014,0.2333
2/27/2014,0.2361
2/28/2014,0.23565
3/3/2014,0.23565
3/4/2014,0.23535
3/5/2014,0.2344
3/6/2014,0.2351
3/7/2014,0.23565
3/10/2014,0.23435
3/11/2014,0.2333
3/12/2014,0.2341
3/13/2014,0.23335
3/14/2014,0.23485
3/17/2014,0.23445
3/18/2014,0.23485
3/19/2014,0.23385
3/20/2014,0.2336
3/21/2014,0.23285
3/24/2014,0.2351
3/25/2014,0.23435
3/26/2014,0.23335
3/27/2014,0.2336
3/28/2014,0.23335
3/31/2014,0.2306
4/1/2014,0.2281
4/2/2014,0.2301
4/3/2014,0.23035
4/4/2014,0.2296
4/7/2014,0.22935
4/8/2014,0.2273
4/9/2014,0.22755
4/10/2014,0.22705
4/11/2014,0.22645
4/14/2014,0.22865
4/15/2014,0.22635
4/16/2014,0.22785
4/17/2014,0.22585
4/18/2014,.
4/21/2014,.
4/22/2014,0.2286
4/23/2014,0.22875
4/24/2014,0.22785
4/25/2014,0.2266
4/28/2014,0.22485
4/29/2014,0.22535
4/30/2014,0.22335
5/1/2014,0.22285
5/2/2014,0.22285
5/5/2014,.
5/6/2014,0.22485
5/7/2014,0.22395
5/8/2014,0.22335
5/9/2014,0.2241
5/12/2014,0.2251
5/13/2014,0.22385
5/14/2014,0.22535
5/15/2014,0.22585
5/16/2014,0.2286
5/19/2014,0.22695
5/20/2014,0.2281
5/21/2014,0.22735
5/22/2014,0.22715
5/23/2014,0.22935
5/26/2014,.
5/27/2014,0.22985
5/28/2014,0.2276
5/29/2014,0.22735
5/30/2014,0.2274
6/2/2014,0.22715
6/3/2014,0.2274
6/4/2014,0.2295
6/5/2014,0.2306
6/6/2014,0.2296
6/9/2014,0.23055
6/10/2014,0.2303
6/11/2014,0.2298
6/12/2014,0.2306
6/13/2014,0.2321
6/16/2014,0.2306
6/17/2014,0.231
6/18/2014,0.231
6/19/2014,0.2296
6/20/2014,0.2306
6/23/2014,0.2326
6/24/2014,0.2336
6/25/2014,0.23385
6/26/2014,0.2341
6/27/2014,0.2346
6/30/2014,0.2307
7/1/2014,0.2318
7/2/2014,0.2346
7/3/2014,0.2321
7/4/2014,0.2331
7/7/2014,0.2341
7/8/2014,0.2336
7/9/2014,0.2341
7/10/2014,0.2336
7/11/2014,0.2336
7/14/2014,0.2326
7/15/2014,0.2331
7/16/2014,0.2336
7/17/2014,0.2336
7/18/2014,0.2316
7/21/2014,0.2331
7/22/2014,0.2326
7/23/2014,0.2341
7/24/2014,0.2351
7/25/2014,0.2341
7/28/2014,0.2361
7/29/2014,0.2371
7/30/2014,0.2396
7/31/2014,0.2391
8/1/2014,0.2381
8/4/2014,0.2371
8/5/2014,0.2371
8/6/2014,0.2342
8/7/2014,0.2331
8/8/2014,0.2351
8/11/2014,0.2338
8/12/2014,0.2331
8/13/2014,0.2336
8/14/2014,0.2311
8/15/2014,0.2321
8/18/2014,0.2321
8/19/2014,0.2344
8/20/2014,0.2349
8/21/2014,0.2349
8/22/2014,0.2384
8/25/2014,.
8/26/2014,0.2381
8/27/2014,0.2346
8/28/2014,0.2336
8/29/2014,0.2336
9/1/2014,0.2336
9/2/2014,0.2331
9/3/2014,0.2341
9/4/2014,0.2331
9/5/2014,0.2323
9/8/2014,0.2336
9/9/2014,0.2346
9/10/2014,0.2346
9/11/2014,0.2341
9/12/2014,0.2346
9/15/2014,0.2346
9/16/2014,0.2344
9/17/2014,0.2341
9/18/2014,0.2331
9/19/2014,0.2331
9/22/2014,0.2356
9/23/2014,0.2341
9/24/2014,0.2351
9/25/2014,0.2336
9/26/2014,0.2331
9/29/2014,0.2351
9/30/2014,0.2351
10/1/2014,0.2326
10/2/2014,0.2312
10/3/2014,0.2316
10/6/2014,0.2326
10/7/2014,0.2311
10/8/2014,0.2291
10/9/2014,0.2291
10/10/2014,0.23
10/13/2014,0.2306
10/14/2014,0.2291
10/15/2014,0.2281
10/16/2014,0.23075
10/17/2014,0.23135
10/20/2014,0.2321
10/21/2014,0.2306
10/22/2014,0.2328
10/23/2014,0.2336
10/24/2014,0.2331
10/27/2014,0.2326
10/28/2014,0.2326
10/29/2014,0.2326
10/30/2014,0.23235
10/31/2014,0.2321
11/3/2014,0.23235
11/4/2014,0.23185
11/5/2014,0.23185
11/6/2014,0.2316
11/7/2014,0.2326
11/10/2014,0.2331
11/11/2014,0.2332
11/12/2014,0.2332
11/13/2014,0.2321
11/14/2014,0.2321
11/17/2014,0.23185
11/18/2014,0.23185
11/19/2014,0.2311
11/20/2014,0.2329
11/21/2014,0.23285
11/24/2014,0.23435
11/25/2014,0.2356
11/26/2014,0.2356
11/27/2014,0.2336
11/28/2014,0.2336
12/1/2014,0.2346
12/2/2014,0.2346
12/3/2014,0.23485
12/4/2014,0.23535
12/5/2014,0.2356
12/8/2014,0.2376
12/9/2014,0.23885
12/10/2014,0.2399
12/11/2014,0.2406
12/12/2014,0.24285
12/15/2014,0.2426
12/16/2014,0.2426
12/17/2014,0.24535
12/18/2014,0.2471
12/19/2014,0.2521
12/22/2014,0.2551
12/23/2014,0.2546
12/24/2014,0.2566
12/25/2014,.
12/26/2014,.
12/29/2014,0.2551
12/30/2014,0.2552
12/31/2014,0.2556
1/1/2015,.
1/2/2015,0.2556
1/5/2015,0.2536
1/6/2015,0.2511
1/7/2015,0.2521
1/8/2015,0.2521
1/9/2015,0.2541
1/12/2015,0.2528
1/13/2015,0.2533
1/14/2015,0.2536
1/15/2015,0.2526
1/16/2015,0.2566
1/19/2015,0.2562
1/20/2015,0.2567
1/21/2015,0.2571
1/22/2015,0.2561
1/23/2015,0.2561
1/26/2015,0.2561
1/27/2015,0.2526
1/28/2015,0.2546
1/29/2015,0.2546
1/30/2015,0.2531
2/2/2015,0.2521
2/3/2015,0.2551
2/4/2015,0.2551
2/5/2015,0.2561
2/6/2015,0.2556
2/9/2015,0.25835
2/10/2015,0.2581
2/11/2015,0.2581
2/12/2015,0.2581
2/13/2015,0.2571
2/16/2015,0.2562
2/17/2015,0.2567
2/18/2015,0.2606
2/19/2015,0.2615
2/20/2015,0.2626
2/23/2015,0.2616
2/24/2015,0.2611
2/25/2015,0.2609
2/26/2015,0.2616
2/27/2015,0.26185
3/2/2015,0.26095
3/3/2015,0.26515
3/4/2015,0.2636
3/5/2015,0.2636
3/6/2015,0.2646
3/9/2015,0.2666
3/10/2015,0.2677
3/11/2015,0.2699
3/12/2015,0.2706
3/13/2015,0.27065
3/16/2015,0.27015
3/17/2015,0.26935
3/18/2015,0.2703
3/19/2015,0.26455
3/20/2015,0.2668
3/23/2015,0.2668
3/24/2015,0.26935
3/25/2015,0.26855
3/26/2015,0.27305
3/27/2015,0.2754
3/30/2015,0.27415
3/31/2015,0.27075
4/1/2015,0.27075
4/2/2015,0.27375
4/3/2015,.
4/6/2015,.
4/7/2015,0.27375
4/8/2015,0.2712
4/9/2015,0.2759
4/10/2015,0.277
4/13/2015,0.2753
4/14/2015,0.27555
4/15/2015,0.27435
4/16/2015,0.2751
4/17/2015,0.27575
4/20/2015,0.276
4/21/2015,0.27725
4/22/2015,0.2775
4/23/2015,0.277
4/24/2015,0.279
4/27/2015,0.279
4/28/2015,0.27815
4/29/2015,0.27815
4/30/2015,0.27875
5/1/2015,0.27975
5/4/2015,.
5/5/2015,0.2759
5/6/2015,0.276
5/7/2015,0.27885
5/8/2015,0.27985
5/11/2015,0.2766
5/12/2015,0.275
5/13/2015,0.2739
5/14/2015,0.276
5/15/2015,0.2765
5/18/2015,0.276
5/19/2015,0.281
5/20/2015,0.2835
5/21/2015,0.282
5/22/2015,0.2845
5/25/2015,.
5/26/2015,0.28585
5/27/2015,0.2835
5/28/2015,0.28275
5/29/2015,0.28375
6/1/2015,0.2825
6/2/2015,0.2787
6/3/2015,0.2792
6/4/2015,0.2789
6/5/2015,0.2812
6/8/2015,0.2822
6/9/2015,0.2855
6/10/2015,0.28785
6/11/2015,0.28585
6/12/2015,0.28605
6/15/2015,0.28325
6/16/2015,0.28625
6/17/2015,0.2857
6/18/2015,0.2808
6/19/2015,0.2813
6/22/2015,0.28225
6/23/2015,0.28075
6/24/2015,0.28075
6/25/2015,0.282
6/26/2015,0.28175
6/29/2015,0.2837
6/30/2015,0.2832
7/1/2015,0.2836
7/2/2015,0.2835
7/3/2015,0.2843
7/6/2015,0.28425
7/7/2015,0.28325
7/8/2015,0.28345
7/9/2015,0.286
7/10/2015,0.2858
7/13/2015,0.2888
7/14/2015,0.2885
7/15/2015,0.2885
7/16/2015,0.287
7/17/2015,0.29175
7/20/2015,0.295
7/21/2015,0.2941
7/22/2015,0.2925
7/23/2015,0.2951
7/24/2015,0.2936
7/27/2015,0.2941
7/28/2015,0.2968
7/29/2015,0.2968
7/30/2015,0.3001
7/31/2015,0.3086
8/3/2015,0.3037
8/4/2015,0.3011
8/5/2015,0.3109
8/6/2015,0.3114
8/7/2015,0.3116
8/10/2015,0.3142
8/11/2015,0.31435
8/12/2015,0.3093
8/13/2015,0.3205
8/14/2015,0.32445
8/17/2015,0.33285
8/18/2015,0.33285
8/19/2015,0.33335
8/20/2015,0.3291
8/21/2015,0.3291
8/24/2015,0.3316
8/25/2015,0.327
8/26/2015,0.3252
8/27/2015,0.3244
8/28/2015,0.329
8/31/2015,.
9/1/2015,0.334
9/2/2015,0.3325
9/3/2015,0.3335
9/4/2015,0.332
9/7/2015,0.333
9/8/2015,0.332
9/9/2015,0.333
9/10/2015,0.336
9/11/2015,0.3372
9/14/2015,0.3355
9/15/2015,0.33425
9/16/2015,0.3396
9/17/2015,0.3451
9/18/2015,0.3192
9/21/2015,0.326
9/22/2015,0.3265
9/23/2015,0.3255
9/24/2015,0.3264
9/25/2015,0.3261
9/28/2015,0.3266
9/29/2015,0.3255
9/30/2015,0.325
10/1/2015,0.324
10/2/2015,0.3271
10/5/2015,0.3232
10/6/2015,0.318
10/7/2015,0.3186
10/8/2015,0.3196
10/9/2015,0.3206
10/12/2015,0.32075
10/13/2015,0.3205
10/14/2015,0.31705
10/15/2015,0.31515
10/16/2015,0.31715
10/19/2015,0.31665
10/20/2015,0.3204
10/21/2015,0.3164
10/22/2015,0.3199
10/23/2015,0.3229
10/26/2015,0.32315
10/27/2015,0.3239
10/28/2015,0.3219
10/29/2015,0.3289
10/30/2015,0.3341
11/2/2015,0.3341
11/3/2015,0.3336
11/4/2015,0.3366
11/5/2015,0.3439
11/6/2015,0.3414
11/9/2015,0.3556
11/10/2015,0.3561
11/11/2015,0.3591
11/12/2015,0.3616
11/13/2015,0.3636
11/16/2015,0.3641
11/17/2015,0.3671
11/18/2015,0.3696
11/19/2015,0.3776
11/20/2015,0.3821
11/23/2015,0.3932
11/24/2015,0.4023
11/25/2015,0.4067
11/26/2015,0.4117
11/27/2015,0.4142
11/30/2015,0.4162
12/1/2015,0.4222
12/2/2015,0.436
12/3/2015,0.452
12/4/2015,0.462
12/7/2015,0.477
12/8/2015,0.4865
12/9/2015,0.492
12/10/2015,0.502
12/11/2015,0.512
12/14/2015,0.51775
12/15/2015,0.52575
12/16/2015,0.5325
12/17/2015,0.5695
12/18/2015,0.5855
12/21/2015,0.5931
12/22/2015,0.59435
12/23/2015,0.6031
12/24/2015,0.6031
12/25/2015,.
12/28/2015,.
12/29/2015,0.6067
12/30/2015,0.6122
12/31/2015,0.6127
1/1/2016,.
1/4/2016,0.6117
1/5/2016,0.6171
1/6/2016,0.6201
1/7/2016,0.61685
1/8/2016,0.6211
1/11/2016,0.6221
1/12/2016,0.6236
1/13/2016,0.622
1/14/2016,0.6211
1/15/2016,0.6196
1/18/2016,0.6238
1/19/2016,0.6243
1/20/2016,0.6213
1/21/2016,0.6186
1/22/2016,0.6191
1/25/2016,0.6213
1/26/2016,0.6211
1/27/2016,0.6181
1/28/2016,0.6156
1/29/2016,0.6126
2/1/2016,0.6186
2/2/2016,0.6192
2/3/2016,0.6206
2/4/2016,0.6202
2/5/2016,0.6197
2/8/2016,0.621
2/9/2016,0.6205
2/10/2016,0.6176
2/11/2016,0.6172
2/12/2016,0.6182
2/15/2016,0.6182
2/16/2016,0.6182
2/17/2016,0.6194
2/18/2016,0.6182
2/19/2016,0.6182
2/22/2016,0.6246
2/23/2016,0.6291
2/24/2016,0.6346
2/25/2016,0.6356
2/26/2016,0.6351
2/29/2016,0.6331
3/1/2016,0.6316
3/2/2016,0.63485
3/3/2016,0.6356
3/4/2016,0.6335
3/7/2016,0.6361
3/8/2016,0.63515
3/9/2016,0.6346
3/10/2016,0.63235
3/11/2016,0.63385
3/14/2016,0.63955
3/15/2016,0.64195
3/16/2016,0.639
3/17/2016,0.6234
3/18/2016,0.6243
3/21/2016,0.6246
3/22/2016,0.62835
3/23/2016,0.6301
3/24/2016,0.6286
3/25/2016,.
3/28/2016,.
3/29/2016,0.63085
3/30/2016,0.6251
3/31/2016,0.6286
4/1/2016,0.6291
4/4/2016,0.6301
4/5/2016,0.6266
4/6/2016,0.6306
4/7/2016,0.6288
4/8/2016,0.6308
4/11/2016,0.62985
4/12/2016,0.6296
4/13/2016,0.62835
4/14/2016,0.63285
4/15/2016,0.6331
4/18/2016,0.63435
4/19/2016,0.63485
4/20/2016,0.6351
4/21/2016,0.6381
4/22/2016,0.63585
4/25/2016,0.63385
4/26/2016,0.63435
4/27/2016,0.63835
4/28/2016,0.6366
4/29/2016,0.6366
5/2/2016,.
5/3/2016,0.6329
5/4/2016,0.6341
5/5/2016,0.6318
5/6/2016,.
5/9/2016,0.6296
5/10/2016,0.6281
5/11/2016,0.6266
5/12/2016,0.6261
5/13/2016,0.6276
5/16/2016,0.6261
5/17/2016,0.6251
5/18/2016,0.6356
5/19/2016,0.6539
5/20/2016,0.6613
5/23/2016,0.6623
5/24/2016,0.6653
5/25/2016,0.66655
5/26/2016,0.67405
5/27/2016,0.67305
5/30/2016,.
5/31/2016,0.6858
6/1/2016,0.6813
6/2/2016,0.6801
6/3/2016,0.68215
6/6/2016,0.66065
6/7/2016,0.6566
6/8/2016,0.658
6/9/2016,0.65605
6/10/2016,0.6556
6/13/2016,0.6525
6/14/2016,0.6548
6/15/2016,0.65635
6/16/2016,0.6466
6/17/2016,0.6444
6/20/2016,0.6465
6/21/2016,0.64185
6/22/2016,0.6401
6/23/2016,0.6401
6/24/2016,0.6236
6/27/2016,0.6271
6/28/2016,0.6311
6/29/2016,0.6461
6/30/2016,0.6541
7/1/2016,0.65335
7/4/2016,0.65635
7/5/2016,0.6571
7/6/2016,0.6611
7/7/2016,0.6646
7/8/2016,0.6671
7/11/2016,0.6691
7/12/2016,0.67335
7/13/2016,0.6801
7/14/2016,0.6791
7/15/2016,0.68785
7/18/2016,0.6956
7/19/2016,0.6971
7/20/2016,0.7016
7/21/2016,0.7145
7/22/2016,0.721
7/25/2016,0.7335
7/26/2016,0.743
7/27/2016,0.7515
7/28/2016,0.7565
7/29/2016,0.7591
8/1/2016,0.7591
8/2/2016,0.7676
8/3/2016,0.7776
8/4/2016,0.7876
8/5/2016,0.79235
8/8/2016,0.8065
8/9/2016,0.816
8/10/2016,0.8176
8/11/2016,0.817
8/12/2016,0.81825
8/15/2016,0.80411
8/16/2016,0.80128
8/17/2016,0.81128
8/18/2016,0.811
8/19/2016,0.81711
8/22/2016,0.82544
8/23/2016,0.82544
8/24/2016,0.82544
8/25/2016,0.82933
8/26/2016,0.83344
8/29/2016,.
8/30/2016,0.84211
8/31/2016,0.83933
9/1/2016,0.83567
9/2/2016,0.83511
9/5/2016,0.83344
9/6/2016,0.84067
9/7/2016,0.83356
9/8/2016,0.84544
9/9/2016,0.85222
9/12/2016,0.85578
9/13/2016,0.85028
9/14/2016,0.85389
9/15/2016,0.85656
9/16/2016,0.85711
9/19/2016,0.86067
9/20/2016,0.86589
9/21/2016,0.86333
9/22/2016,0.85672
9/23/2016,0.85294
9/26/2016,0.85294
9/27/2016,0.85378
9/28/2016,0.83769
9/29/2016,0.84561
9/30/2016,0.85367
10/3/2016,0.85789
10/4/2016,0.86433
10/5/2016,0.86794
10/6/2016,0.87156
10/7/2016,0.87606
10/10/2016,0.87389
10/11/2016,0.8775
10/12/2016,0.88111
10/13/2016,0.88
10/14/2016,0.88167
10/17/2016,0.87761
10/18/2016,0.88122
10/19/2016,0.88067
10/20/2016,0.88178
10/21/2016,0.88178
10/24/2016,0.88372
10/25/2016,0.88567
10/26/2016,0.89039
10/27/2016,0.88733
10/28/2016,0.88594
10/31/2016,0.88428
11/1/2016,0.88094
11/2/2016,0.87567
11/3/2016,0.88094
11/4/2016,0.88261
11/7/2016,0.88678
11/8/2016,0.88233
11/9/2016,0.8865
11/10/2016,0.90206
11/11/2016,0.90567
11/14/2016,0.91122
11/15/2016,0.90622
11/16/2016,0.90872
11/17/2016,0.91122
11/18/2016,0.91622
11/21/2016,0.91983
11/22/2016,0.92483
11/23/2016,0.93011
11/24/2016,0.93706
11/25/2016,0.93733
11/28/2016,0.93511
11/29/2016,0.93067
11/30/2016,0.93417
12/1/2016,0.94167
12/2/2016,0.94639
12/5/2016,0.94806
12/6/2016,0.95083
12/7/2016,0.95083
12/8/2016,0.95306
12/9/2016,0.9565
12/12/2016,0.95872
12/13/2016,0.96344
12/14/2016,0.97039
12/15/2016,0.99317
12/16/2016,0.99733
12/19/2016,0.99428
12/20/2016,0.99622
12/21/2016,0.99761
12/22/2016,0.99706
12/23/2016,0.99706
12/26/2016,.
12/27/2016,.
12/28/2016,0.99817
12/29/2016,0.99789
12/30/2016,0.99789
1/2/2017,.
1/3/2017,0.99872
1/4/2017,1.00511
1/5/2017,1.00928
1/6/2017,1.01011
1/9/2017,1.01483
1/10/2017,1.01789
1/11/2017,1.02178
1/12/2017,1.02178
1/13/2017,1.02317
1/16/2017,1.02372
1/17/2017,1.02483
1/18/2017,1.03011
1/19/2017,1.04122
1/20/2017,1.04344
1/23/2017,1.03789
1/24/2017,1.03178
1/25/2017,1.03733
1/26/2017,1.039
1/27/2017,1.039
1/30/2017,1.034
1/31/2017,1.03456
2/1/2017,1.03456
2/2/2017,1.03372
2/3/2017,1.034
2/6/2017,1.03844
2/7/2017,1.03817
2/8/2017,1.03372
2/9/2017,1.03372
2/10/2017,1.03622
2/13/2017,1.039
2/14/2017,1.03733
2/15/2017,1.04178
2/16/2017,1.0565
2/17/2017,1.05233
2/20/2017,1.05011
2/21/2017,1.05344
2/22/2017,1.054
2/23/2017,1.05233
2/24/2017,1.054
2/27/2017,1.05456
2/28/2017,1.064
3/1/2017,1.09278
3/2/2017,1.1
3/3/2017,1.10167
3/6/2017,1.10622
3/7/2017,1.10622
3/8/2017,1.109
3/9/2017,1.11956
3/10/2017,1.12122
3/13/2017,1.13122
3/14/2017,1.13733
3/15/2017,1.14817
3/16/2017,1.15178
3/17/2017,1.15178
3/20/2017,1.15622
3/21/2017,1.15622
3/22/2017,1.15678
3/23/2017,1.15289
3/24/2017,1.15128
3/27/2017,1.15189
3/28/2017,1.15222
3/29/2017,1.14678
3/30/2017,1.14761
3/31/2017,1.14956
4/3/2017,1.14983
4/4/2017,1.14983
4/5/2017,1.15039
4/6/2017,1.15539
4/7/2017,1.15761
4/10/2017,.
4/11/2017,1.15511
4/12/2017,1.15844
4/13/2017,1.15844
4/14/2017,.
4/17/2017,.
4/18/2017,1.15622
4/19/2017,1.15567
4/20/2017,1.15317
4/21/2017,1.15622
4/24/2017,1.1665
4/25/2017,1.17039
4/26/2017,1.17178
4/27/2017,1.16956
4/28/2017,1.17233
5/1/2017,.
5/2/2017,1.17372
5/3/2017,1.17122
5/4/2017,1.17928
5/5/2017,1.18039
5/8/2017,1.18456
5/9/2017,1.182
5/10/2017,1.18094
5/11/2017,1.18178
5/12/2017,1.17956
5/15/2017,1.17944
5/16/2017,1.18117
5/17/2017,1.17839
5/18/2017,1.17172
5/19/2017,1.18644
5/22/2017,1.192
5/23/2017,1.18867
5/24/2017,1.19761
5/25/2017,1.20039
5/26/2017,1.20178
5/29/2017,.
5/30/2017,1.20178
5/31/2017,1.21
6/1/2017,1.21806
6/2/2017,1.2225
6/5/2017,1.21956
6/6/2017,1.219
6/7/2017,1.221
6/8/2017,1.22811
6/9/2017,1.23644
6/12/2017,1.24167
6/13/2017,1.24556
6/14/2017,1.25033
6/15/2017,1.26744
6/16/2017,1.27356
6/19/2017,1.28022
6/20/2017,1.28722
6/21/2017,1.28944
6/22/2017,1.29556
6/23/2017,1.29328
6/26/2017,1.29483
6/27/2017,1.29506
6/28/2017,1.29639
6/29/2017,1.29861
6/30/2017,1.29917
7/3/2017,1.30072
7/4/2017,1.30211
7/5/2017,1.303
7/6/2017,1.30411
7/7/2017,1.30522
7/10/2017,1.30411
7/11/2017,1.3035
7/12/2017,1.30389
7/13/2017,1.30361
7/14/2017,1.30361
7/17/2017,1.30611
7/18/2017,1.30694
7/19/2017,1.30722
7/20/2017,1.3125
7/21/2017,1.31444
7/24/2017,1.31389
7/25/2017,1.31667
7/26/2017,1.31389
7/27/2017,1.31111
7/28/2017,1.31056
7/31/2017,1.31056
8/1/2017,1.31056
8/2/2017,1.31278
8/3/2017,1.31167
8/4/2017,1.31194
8/7/2017,1.31139
8/8/2017,1.30944
8/9/2017,1.30917
8/10/2017,1.30911
8/11/2017,1.315
8/14/2017,1.31417
8/15/2017,1.31417
8/16/2017,1.31667
8/17/2017,1.31639
8/18/2017,1.31472
8/21/2017,1.31444
8/22/2017,1.31722
8/23/2017,1.31722
8/24/2017,1.31722
8/25/2017,1.31778
8/28/2017,.
8/29/2017,1.31694
8/30/2017,1.31611
8/31/2017,1.31778
9/1/2017,1.31611
9/4/2017,1.31611
9/5/2017,1.31722
9/6/2017,1.31722
9/7/2017,1.31722
9/8/2017,1.31033
9/11/2017,1.31667
9/12/2017,1.31917
9/13/2017,1.32
9/14/2017,1.32111
9/15/2017,1.32389
9/18/2017,1.325
9/19/2017,1.32611
9/20/2017,1.32306
9/21/2017,1.32833
9/22/2017,1.32944
9/25/2017,1.32972
9/26/2017,1.33083
9/27/2017,1.33278
9/28/2017,1.335
9/29/2017,1.33389
10/2/2017,1.33556
10/3/2017,1.3425
10/4/2017,1.34667
10/5/2017,1.34861
10/6/2017,1.35028
10/9/2017,1.35639
10/10/2017,1.35667
10/11/2017,1.35861
10/12/2017,1.35917
10/13/2017,1.35333
10/16/2017,1.35389
10/17/2017,1.35733
10/18/2017,1.36261
10/19/2017,1.3625
10/20/2017,1.36476
10/23/2017,1.36742
10/24/2017,1.37064
10/25/2017,1.37446
10/26/2017,1.37796
10/27/2017,1.38009
10/30/2017,1.37678
10/31/2017,1.38122
11/1/2017,1.38483
11/2/2017,1.39139
11/3/2017,1.39194
11/6/2017,1.39703
11/7/2017,1.40258
11/8/2017,1.40981
11/9/2017,1.41289
11/10/2017,1.41289
11/13/2017,1.41586
11/14/2017,1.41899
11/15/2017,1.4219
11/16/2017,1.43567
11/17/2017,1.44067
11/20/2017,1.44594
11/21/2017,1.454
11/22/2017,1.46233
11/23/2017,1.46206
11/24/2017,1.46763
11/27/2017,1.47725
11/28/2017,1.47882
11/29/2017,1.48063
11/30/2017,1.48738
12/1/2017,1.49463
12/4/2017,1.50849
12/5/2017,1.51532
12/6/2017,1.52263
12/7/2017,1.53606
12/8/2017,1.54878
12/11/2017,1.56347
12/12/2017,1.57352
12/13/2017,1.58849
12/14/2017,1.60042
12/15/2017,1.61331
12/18/2017,1.62548
12/19/2017,1.64203
12/20/2017,1.65793
12/21/2017,1.67464
12/22/2017,1.68577
12/25/2017,.
12/26/2017,.
12/27/2017,1.69339
12/28/2017,1.69465
12/29/2017,1.69428
1/1/2018,.
1/2/2018,1.69693
1/3/2018,1.69593
1/4/2018,1.70381
1/5/2018,1.70393
1/8/2018,1.70802
1/9/2018,1.70457
1/10/2018,1.70911
1/11/2018,1.72019
1/12/2018,1.72152
1/15/2018,1.73133
1/16/2018,1.73408
1/17/2018,1.73918
1/18/2018,1.7447
1/19/2018,1.74447
1/22/2018,1.7413
1/23/2018,1.7452
1/24/2018,1.75246
1/25/2018,1.76031
1/26/2018,1.7669
1/29/2018,1.77225
1/30/2018,1.7734
1/31/2018,1.77777
